<?xml version="1.0" encoding="utf-8"?>
<resources>
    <color name="purple_200">#FFBB86FC</color>
    <color name="purple_500">#FF6200EE</color>
    <color name="purple_700">#FF3700B3</color>
    <color name="teal_200">#FF03DAC5</color>
    <color name="teal_700">#FF018786</color>
    <color name="black">#FF000000</color>
    <color name="white">#FFFFFFFF</color>

    <!--Custom Colors-->
    <color name="dusty_pink">#EEB5B8</color>
    <color name="peach">#F07E85</color>
    <color name="blue">#425DA6</color>
    <color name="custom_gray">#E0E0E0</color>
    <color name="copyright_color">#BDBDBD</color>
    <color name="custom_background">#E5E5E5</color>
    <color name="color_text_primary">#333333</color>

</resources>