<resources>
    <string name="app_name">Selaras</string>
    <string name="daftar">Daftar</string>
    <string name="login">Login</string>
    <string name="copyright">Copyright 2021. All Rights Reserved.</string>
    <string name="daftar_sekarang">Daftar Sekarang</string>
    <string name="buat_akunmu">Buat akunmu sekarang dan gunakan Selaras</string>
    <string name="nama">Nama</string>
    <string name="email">Email</string>
    <string name="kata_sandi">Kata Sandi</string>
    <string name="sudah_punya_akun">Sudah punya akun?</string>
    <string name="silahkan_login">Selamat datang dan silahkan login ke akun kamu</string>
    <string name="belum_punya_akun">Belum punya akun?</string>
    <string name="lupa_sandi">Lupa Kata Sandi?</string>
    <string name="ingat_saya">Ingat Saya</string>
    <string name="back_button">back_button</string>
    <string name="home_desc">Pilihlah metode yang sesuai dengan kebutuhanmu agar dapat berkomunikasi dengan lebih mudah dan tanpa hambatan.</string>
    <string name="halo_user">Halo, John</string>
    <string name="lisan">Lisan</string>
    <string name="lisan_desc">Ketik kalimat yang ingin kamu katakan kemudian diubah menjadi bentuk suara.</string>
    <string name="isyarat_desc">Visualisasikan gerakan bahasa isyarat kemudian diubah menjadi bentuk tulisan.</string>
    <string name="isyarat">Isyarat</string>
    <string name="logout">Logout</string>
</resources>